feature,n_years,pooled_effect_fe,pooled_se_fe,pooled_effect_re,pooled_se_re,Q_statistic,Q_df,Q_pvalue,I2_percent,tau2,min_effect,max_effect,effect_range,stability_interpretation
mean_sentiment,5,0.018862559516558634,0.05595080916538438,0.018862559516558634,0.05595080916538438,0.6831867369451944,4,0.9533860387552643,0.0,0.0,-0.05794995019729623,0.0786739804669267,0.13662393066422293,stable (low heterogeneity)
mean_politeness,5,0.08931648213106519,0.05958643399157267,0.08931648213106519,0.05958643399157267,2.6780607880436604,4,0.6130591150489939,0.0,0.0,-0.008241255677565604,0.2675494379762335,0.2757906936537991,stable (low heterogeneity)
mean_toxicity,5,0.03141190369374781,0.0531887458125722,0.03237276058849637,0.05763053102095895,4.673439687380653,4,0.3224743754125028,14.409936415764449,0.002399462155664218,-0.14419284202925556,0.2005284095724547,0.3447212516017103,stable (low heterogeneity)
mean_constructiveness,5,-0.026394444446514946,0.05956065996677847,-0.023719918445588715,0.08187407246291503,7.535315190879555,4,0.11016208681031925,46.91661995982012,0.015709662775349093,-0.27285784992257545,0.18755139593443768,0.46040924585701315,partially stable (moderate heterogeneity)
