heldout_year,model_x,auc_baseline,log_loss_baseline,brier_baseline,n_test,model_y,auc_with_language,log_loss_with_language,brier_with_language,delta_auc,delta_log_loss,delta_brier
2018,baseline,0.9563772857541404,0.25246486732952306,0.07973479530186542,922,with_language,0.9560272895584468,0.2527264987348288,0.07995067140908622,-0.000349996195693536,0.0002616314053057178,0.0002158761072208054
2019,baseline,0.9630562869825592,0.2406408358836469,0.07127546200705083,1000,with_language,0.9634636463280964,0.24004837297095066,0.07117967133764316,0.0004073593455372615,-0.00059246291269624,-9.579066940766656e-05
2020,baseline,0.9631634508512726,0.3131362588046488,0.08793365769816273,1000,with_language,0.9626472462110115,0.31523911416974254,0.088162467213426,-0.000516204640261142,0.0021028553650937476,0.0002288095152632591
2021,baseline,0.9558026130727663,0.26397957769750735,0.08139256694083341,1000,with_language,0.9554556221778073,0.2631580719437546,0.08121763672992664,-0.00034699089495893176,-0.000821505753752727,-0.00017493021090676797
2022,baseline,0.9551961502249189,0.266788939165197,0.08150926181372103,1000,with_language,0.9555058060466577,0.26608290503300513,0.0811450666193821,0.0003096558217388079,-0.0007060341321918906,-0.00036419519433893155
2023,baseline,0.9620842673119233,0.2497172703023408,0.0782054116476761,1000,with_language,0.9623577279563788,0.24939399949866356,0.07814155173745271,0.0002734606444554366,-0.00032327080367725025,-6.385991022338222e-05
