feature,accept_mean,reject_mean,mean_diff_accept_minus_reject,t_stat,t_pvalue,mannwhitney_u,mannwhitney_pvalue,accept_n,reject_n
mean_sentiment,0.6061614908324869,0.4838212510188275,0.1223402398136593,16.667999602637018,7.445696387896804e-61,5106547.0,4.149547741896485e-61,2159,3763
mean_politeness,0.7328619325977374,0.7264111983078824,0.0064507342898549,6.817857306716044,1.045280970397958e-11,4497112.0,6.483191675041583e-12,2159,3763
mean_toxicity,0.0542457283237778,0.054306532732828,-6.0804409050228825e-05,-0.1134660534112216,0.9096660144518988,4069682.0,0.9054336033275718,2159,3763
mean_constructiveness,0.3652700315475934,0.3703085684209381,-0.0050385368733447,-1.4202756975521458,0.155598001670537,3960779.5,0.1093925510775569,2159,3763
