year,papers,acceptance_rate,keyword_missing_share,mean_reviews_per_paper,reviews,positive_recommend_share,rating_parse_rate,confidence_parse_rate,mean_review_length,median_review_length
2018,922,0.36550976138828634,0.09652928416485901,3.019522776572668,2784,0.4931752873563218,1.0,1.0,369.8430316091954,321.0
2019,1000,0.391,0.074,3.057,3057,0.5204448806018973,1.0,1.0,405.7196597971868,346.0
2020,1000,0.313,0.104,3.046,3046,0.47767564018384767,1.0,0.0,412.02987524622455,346.0
2021,1000,0.316,0.108,3.855,3855,0.5009079118028534,1.0,1.0,478.8254215304799,414.0
2022,1000,0.395,0.138,3.899,3899,0.5073095665555271,1.0,1.0,147.5834829443447,129.0
2023,1000,0.407,0.155,3.786,3786,0.5221870047543582,1.0,1.0,398.37533016376125,346.0
