feature,n_years,pooled_effect_fe,pooled_se_fe,pooled_effect_re,pooled_se_re,pooled_re_ci_low,pooled_re_ci_high,Q_statistic,Q_df,Q_pvalue,I2_percent,tau2,min_effect,max_effect,effect_range,stability_interpretation
mean_sentiment,6,-0.02687220405811958,0.05192607472387939,-0.02687220405811958,0.05192607472387939,-0.12864731051692319,0.07490290240068402,4.306024060623747,5,0.506248218392541,0.0,0.0,-0.2841869651470658,0.06406025809899679,0.3482472232460626,stable (low heterogeneity)
mean_politeness,6,0.11117456466887297,0.054368935036262445,0.11117456466887297,0.054368935036262445,0.004611451997798582,0.21773767733994737,3.0858466889328158,5,0.6867526360179248,0.0,0.0,0.004588483219985548,0.2682729136407088,0.26368443042072326,stable (low heterogeneity)
mean_toxicity,6,0.04357853740864471,0.04882048249407379,0.04420768501431071,0.05123849952222669,-0.05621977404925361,0.14463514407787503,5.491494688016616,5,0.358879420628073,8.950107683599189,0.0014140323635840454,-0.1541700842660369,0.19592211813812133,0.3500922024041582,stable (low heterogeneity)
mean_constructiveness,6,-0.037401902173183926,0.054878182804718574,-0.03631055699310945,0.06937700855821792,-0.17228949376721658,0.09966837978099768,7.966828428692994,5,0.15807327821979267,37.23976806137546,0.010743245838692073,-0.27479048689211266,0.19109505625362608,0.4658855431457387,partially stable (moderate heterogeneity)
