feature,n_years,pooled_effect_fe,pooled_se_fe,pooled_effect_re,pooled_se_re,pooled_re_ci_low,pooled_re_ci_high,Q_statistic,Q_df,Q_pvalue,I2_percent,tau2,min_effect,max_effect,effect_range,stability_interpretation
mean_constructiveness,6,-0.003998854628222374,0.0034894524639222098,-0.003998854628222374,0.0034894524639222098,-0.010838181457509904,0.002840472201065157,4.866319702287809,5,0.4324117694213012,0.0,0.0,-0.01652899149819509,0.0101141384047998,0.02664312990299489,stable (low heterogeneity)
mean_politeness,6,0.007026848307245453,0.0009311269533735729,0.007026848307245453,0.0009311269533735729,0.00520183947863325,0.008851857135857656,2.414278457677195,5,0.789345896359608,0.0,0.0,0.004619146358046833,0.009125731768932388,0.004506585410885555,stable (low heterogeneity)
mean_sentiment,6,0.12454954734499428,0.007290062779094453,0.12550672865697224,0.010019790941373842,0.10586793841187951,0.14514551890206498,9.410444536605747,5,0.09377095994040197,46.86754721787617,0.00028187854277078383,0.09721985016448886,0.15623039754125567,0.05901054737676681,partially stable (moderate heterogeneity)
mean_toxicity,6,-0.00025786266873911896,0.0005280983596763375,-0.00025786266873911896,0.0005280983596763375,-0.0012929354537047405,0.0007772101162265026,2.821671615970253,5,0.7274555491248553,0.0,0.0,-0.0016910741843074797,0.0016162054287820055,0.003307279613089485,stable (low heterogeneity)
